,Product,Production,Factory_Issue,Delivery,Group,Sub-Group,holiday_type,holiday_name,Rainfall,Sunshine,Humidity,Temperature,category,scope_or_location,typical_rain_mm,Sales_lag_1,Sales_lag_2,Sales_lag_3,Sales_lag_7,Sales_lag_14,Sales_lag_21,Sales_lag_28,production_sales_ratio,delivery_sales_ratio,factory_issue_rate,inventory_proxy,interest_rate_value,stock_market_close,inflation_rate,balance_of_trade,exports,imports,currency_log_return,currency_momentum_5d,actual,predicted,residual
Sample_1 (idx=548),18,0.0259822896229916,0.035683335882143,0.004752389695955,3,12,2,13,0.0,0.5238095238095237,0.5873015873015872,0.8840579710144928,4,6,0.0,0.0078287921780452,0.0056750196574476,0.0067348124850432,0.0015384089432839,0.0180164780691258,0.0,0.0075211103893884,2.3671497470186003,0.4251207708931364,1.4285714256559767,0.6176731799096983,0.0,0.9934050859976792,0.8175182481751824,0.0,0.9999999999999996,1.0,0.5695232627043226,0.6764404077781466,0.0070766811391063,0.005285758650916895,0.001790922488189405
